[{"model": "contenttypes.contenttype", "fields": {"app_label": "admin", "model": "logentry"}}, {"model": "contenttypes.contenttype", "fields": {"app_label": "auth", "model": "permission"}}, {"model": "contenttypes.contenttype", "fields": {"app_label": "auth", "model": "group"}}, {"model": "contenttypes.contenttype", "fields": {"app_label": "auth", "model": "user"}}, {"model": "contenttypes.contenttype", "fields": {"app_label": "contenttypes", "model": "contenttype"}}, {"model": "contenttypes.contenttype", "fields": {"app_label": "sessions", "model": "session"}}, {"model": "contenttypes.contenttype", "fields": {"app_label": "properties", "model": "developer"}}, {"model": "contenttypes.contenttype", "fields": {"app_label": "properties", "model": "property"}}, {"model": "contenttypes.contenttype", "fields": {"app_label": "properties", "model": "propertyimage"}}, {"model": "contenttypes.contenttype", "fields": {"app_label": "properties", "model": "subdivision"}}, {"model": "sessions.session", "pk": "qxu17c4kjtjrj4bs5lswyshc1lc284gw", "fields": {"session_data": ".eJxVjEEOwiAQRe_C2pARChlduvcMZJgBqRpISrtqvLtt0oVu_3vvryrQMpew9DSFUdRVDer0u0XiV6o7kCfVR9Pc6jyNUe-KPmjX9ybpfTvcv4NCvWw1RCcx-iF5vFBmIeeRs3GcfTYWNoR89iZa4cEbZxAEABEdkLFsSX2-AOc39A:1ujX6B:mb8uVDsS4k_A0Y-M9VjI_PgIMJWM2_IhPuuoi_LL010", "expire_date": "2025-08-20T05:54:03.695Z"}}, {"model": "properties.developer", "pk": 1, "fields": {"name": "Breighton Land Inc.", "contact_person": null, "phone": null, "email": null}}, {"model": "properties.developer", "pk": 2, "fields": {"name": "Property Company of Friends", "contact_person": null, "phone": null, "email": null}}, {"model": "properties.subdivision", "pk": 1, "fields": {"name": "Carmona Estates", "developer": 1}}, {"model": "properties.subdivision", "pk": 2, "fields": {"name": "Bellefort Estates", "developer": 1}}, {"model": "properties.subdivision", "pk": 3, "fields": {"name": "Victoria South of Alabang", "developer": 1}}, {"model": "properties.subdivision", "pk": 4, "fields": {"name": "Lancaster New City", "developer": 2}}, {"model": "properties.subdivision", "pk": 5, "fields": {"name": "Minami Residences", "developer": 2}}, {"model": "properties.subdivision", "pk": 6, "fields": {"name": "Micara Estates", "developer": 2}}, {"model": "properties.property", "pk": 1, "fields": {"title": "Oakwood", "description": "Step into comfort and convenience with this beautifully designed sunny, single-attached residence, perfect for growing families seeking both style and functionality. Featuring 4 spacious bedrooms, 2 well-appointed bathrooms, and 2 secure garage spaces, this home offers the perfect blend of space and modern living.\r\n\r\nEnjoy bright, open interiors enhanced by contemporary finishes and abundant natural light, creating a warm and inviting atmosphere in every room. Whether you're hosting family gatherings or enjoying quiet moments, every corner of this home is crafted to meet the needs of today’s dynamic households.\r\n\r\nLocated in the rapidly developing city of Carmona, this property is not just a house—it’s the beginning of your next chapter.", "developer": 1, "subdivision": 1, "price": "Starts at ₱6,910,977", "address": "Carmona Estates, Carmona, Cavite", "google_maps_link": "https://maps.app.goo.gl/44hjv1yzyDiTVQxB6", "lot_area_sqm": "104.00", "floor_area_sqm": "100.00", "status": "available", "created_at": "2025-07-29T05:39:24.096Z"}}, {"model": "properties.property", "pk": 2, "fields": {"title": "Vivienne", "description": "Welcome to Vivienne, a spacious and thoughtfully designed single-attached home nestled in the serene and secure community of Bellefort Estates, Bacoor, Cavite. Ideal for larger households or families looking for room to grow, this home boasts an impressive layout with 5 bedrooms and 3 bathrooms, offering both comfort and flexibility for your everyday living needs.\r\n\r\nWith a floor area of 110 sqm and a generous lot area of 140 sqm, Vivienne gives you ample space to move, relax, and thrive. Natural light pours into the home's open-plan interiors, while the layout flows seamlessly from one area to the next—perfect for entertaining guests or enjoying cozy family moments.\r\n\r\nComplete with provisions for two garage spaces, this home is not only functional but also positioned in a prime location near lifestyle essentials, schools, and transport hubs—making everyday life easy and convenient.\r\n\r\nVivienne is more than a home—it’s a fresh start in a community that blends suburban peace with urban access.", "developer": 1, "subdivision": 2, "price": "Starts at ₱11,200,974", "address": "Bellefort Estates, Bacoor, Cavite", "google_maps_link": "https://maps.app.goo.gl/gERPLD4RG1S3k2Gh9", "lot_area_sqm": "140.00", "floor_area_sqm": "110.00", "status": "available", "created_at": "2025-07-30T03:02:41.657Z"}}, {"model": "properties.property", "pk": 3, "fields": {"title": "Sabine", "description": "Welcome to Sabine, a charming and efficiently designed single-attached home located in the family-friendly neighborhood of Bellefort Estates, Bacoor, Cavite. Ideal for modern households seeking comfort, functionality, and room to grow, this home offers 4 well-appointed bedrooms and 2 bathrooms, perfectly suited for your everyday lifestyle.\r\n\r\nWith a floor area of 85 sqm and a lot area of 110 sqm, Sabine provides just the right balance of indoor living and outdoor space—allowing your family to enjoy relaxed, spacious living without compromise. The thoughtfully planned layout encourages natural light and ventilation, enhancing the warm and welcoming ambiance throughout the home.\r\n\r\nComplete with 2-car garage provisions, this property is ideal for families who value both convenience and style in a secure, well-connected community. With close proximity to schools, shopping centers, and key road networks, Sabine at Bellefort Estates offers everything you need for a comfortable suburban lifestyle.\r\n\r\nDiscover the joy of refined living in a home that truly fits your needs—welcome to Sabine.", "developer": 1, "subdivision": 2, "price": "Starts at ₱8,890,999", "address": "Bellefort Estates, Bacoor, Cavite", "google_maps_link": "https://maps.app.goo.gl/gERPLD4RG1S3k2Gh9", "lot_area_sqm": "110.00", "floor_area_sqm": "85.00", "status": "available", "created_at": "2025-07-30T06:31:28.132Z"}}, {"model": "properties.property", "pk": 4, "fields": {"title": "Aliza", "description": "Discover the perfect blend of elegance and comfort in Aliza, a beautifully crafted home in the exclusive Victoria South of Alabang community, situated in the vibrant district of Alabang, Muntinlupa City, Metro Manila. Designed with style and spaciousness in mind, this single-attached residence features 3 generously sized bedrooms and 2 modern bathrooms, ideal for families seeking a refined urban lifestyle.\r\n\r\nWith a floor area of 140 sqm and a lot area of 240 sqm, Aliza offers ample room for both everyday living and entertaining. The home’s open-plan layout allows for effortless flow between living, dining, and kitchen areas, complemented by large windows that welcome natural light and create a bright, airy atmosphere.\r\n\r\nWhether you’re growing a family or simply seeking more space in one of Metro Manila’s most connected locales, Aliza promises the privacy, comfort, and accessibility you deserve. Located just minutes from top schools, lifestyle hubs, and major transport routes, this is Alabang living at its finest.\r\n\r\nMake your move to Aliza—where sophisticated design meets suburban serenity.", "developer": 1, "subdivision": 3, "price": "Starts at ₱16,412,509", "address": "Victoria South of Alabang, Muntinlupa, Metropolitan Manila", "google_maps_link": "https://maps.app.goo.gl/auWAwAi68kK6AYVg9", "lot_area_sqm": "240.00", "floor_area_sqm": "140.00", "status": "available", "created_at": "2025-07-30T06:43:16.788Z"}}, {"model": "properties.property", "pk": 5, "fields": {"title": "Bianca", "description": "Welcome to Bianca, a thoughtfully designed home nestled in the upscale enclave of Victoria South of Alabang, in the heart of Alabang, Muntinlupa City, Metro Manila. Tailored for families who value space, comfort, and a well-balanced lifestyle, this home offers 4 spacious bedrooms, 3 bathrooms, and 3 toilets, all seamlessly integrated into a smart and stylish layout.\r\n\r\nWith a floor area of 100 sqm and a lot area of 240 sqm, Bianca offers generous indoor and outdoor living spaces. Enjoy a warm and functional layout featuring a dedicated living area, a modern kitchen, and a welcoming dining space—perfect for daily routines or hosting family and friends. The property also includes 2 carports and space for a garden, giving you both practicality and the freedom to personalize your outdoor space.\r\n\r\nBianca brings together refined living and suburban tranquility, all within easy reach of Alabang’s top schools, shopping destinations, and major road networks. It’s the ideal setting for families looking to grow, settle, and thrive.\r\n\r\nCome home to Bianca—where space, comfort, and everyday elegance come together beautifully.", "developer": 1, "subdivision": 3, "price": "Starts at ₱13,268,909", "address": "Victoria South of Alabang, Muntinlupa, Metropolitan Manila", "google_maps_link": "https://maps.app.goo.gl/auWAwAi68kK6AYVg9", "lot_area_sqm": "240.00", "floor_area_sqm": "100.00", "status": "available", "created_at": "2025-07-31T06:45:06.779Z"}}, {"model": "properties.property", "pk": 6, "fields": {"title": "Samantha", "description": "Experience elevated living in Samantha, a stunning and expansive residence in the prestigious Victoria South of Alabang, nestled in Alabang, Muntinlupa City, Metro Manila. Designed for families who desire space, style, and sophistication, this elegant single-attached home features 5 generously sized bedrooms and 4 bathrooms, offering an ideal layout for both large households and those who love to entertain.\r\n\r\nWith a substantial floor area of 195 sqm and a lot area of 240 sqm, Samantha delivers a lifestyle of ease and luxury. Every corner of the home is thoughtfully crafted—from the open-concept living spaces to the peaceful private areas—ensuring comfort and functionality for every member of the family.\r\n\r\nWhether you're relaxing indoors or enjoying the spacious surroundings, Samantha offers the perfect environment to grow and create lasting memories. Positioned in a gated community with excellent access to schools, shopping centers, and major transport routes, this home is a rare find in one of Metro Manila’s most sought-after locations.\r\n\r\nSamantha isn’t just a house—it’s your forever home, waiting in Alabang’s serene southern charm.", "developer": 1, "subdivision": 3, "price": "Starts at ₱19,027,308", "address": "Victoria South of Alabang, Muntinlupa, Metropolitan Manila", "google_maps_link": "https://maps.app.goo.gl/auWAwAi68kK6AYVg9", "lot_area_sqm": "240.00", "floor_area_sqm": "195.00", "status": "available", "created_at": "2025-08-01T02:48:43.926Z"}}, {"model": "properties.property", "pk": 7, "fields": {"title": "Alice", "description": "Step into affordable comfort with Alice, a practical and thoughtfully designed home in the vibrant community of Lancaster New City, located in General Trias, Cavite. Perfect for starting families, young professionals, or smart investors, this charming residence features 3 cozy bedrooms and 1 toilet & bath, offering just the right amount of space for modern living.\r\n\r\nWith a floor area of 40 sqm and a lot area of 50 sqm, Alice makes smart use of space while still providing everything you need to live comfortably. The home comes with provision for a 1-car garage, and showcases durable and low-maintenance finishes, including:\r\n\r\n· Pre-painted ribbed-type roofing\r\n\r\n· Painted interior and exterior walls\r\n\r\n· Plain cement flooring on both levels\r\n\r\n· Steel casement windows for ventilation and light\r\n\r\n· Tiled kitchen counter with enamel-coated sink\r\n\r\nIn addition, provisions for CATV, telephone, and air conditioning outlets make it easy to customize your home for convenience and connectivity.\r\n\r\nLocated within a master-planned community with access to schools, shops, and transportation hubs, Alice offers a secure and connected lifestyle at an accessible price point.\r\n\r\nStart your homeownership journey with Alice—where comfort, functionality, and value meet.", "developer": 2, "subdivision": 4, "price": "Starts at ₱2,833,600", "address": "Lancaster New City, General Trias, Cavite", "google_maps_link": "https://maps.app.goo.gl/sgngw8cVV8pN9rcW8", "lot_area_sqm": "50.00", "floor_area_sqm": "40.00", "status": "available", "created_at": "2025-08-01T03:07:02.899Z"}}, {"model": "properties.property", "pk": 8, "fields": {"title": "Thea", "description": "Discover a home that balances functionality and style with Thea, a well-planned and inviting residence in Lancaster New City, General Trias, Cavite. Designed for modern families who value space, comfort, and future-ready features, Thea offers 3 bedrooms and 2 bathrooms, along with thoughtfully laid-out living spaces that make everyday living a pleasure.\r\n\r\nWith a floor area of 60 sqm and a lot area of 50 sqm, Thea delivers a compact yet efficient layout that includes a dedicated living area, dining area, kitchen, and even a balcony—perfect for a breath of fresh air or a morning coffee spot. The home also includes provision for a 1-car garage, making it ideal for small families or upwardly mobile individuals.\r\n\r\nHome Specifications Include:\r\n\r\n· Pre-painted GI sheet roofing\r\n\r\n· Painted sand blast finish on exterior walls\r\n\r\n· Painted plain cement finish on interior walls\r\n\r\n· Plain cement flooring on both levels\r\n\r\n· Steel casement windows for durability and ventilation\r\n\r\n· Tiled toilet & bath with complete fixtures\r\n\r\n· Tiled kitchen counter with stainless steel sink\r\n\r\n· Provision for air conditioning unit, CATV, and telephone outlets\r\n\r\nStrategically located within a secure and thriving township, Thea is close to schools, retail hubs, and transport routes—ensuring your family stays connected to everything that matters.\r\n\r\nThea at Lancaster New City is more than just a home—it’s a smart investment in your future comfort and convenience.", "developer": 2, "subdivision": 4, "price": "Starts at ₱3,883,500", "address": "Lancaster New City, General Trias, Cavite", "google_maps_link": "https://maps.app.goo.gl/pCCwiEArsDnTdTfU9", "lot_area_sqm": "60.00", "floor_area_sqm": "50.00", "status": "available", "created_at": "2025-08-06T06:07:05.995Z"}}, {"model": "properties.property", "pk": 9, "fields": {"title": "Aira", "description": "Welcome home to Aira, a beautifully laid-out residence located in the heart of Lancaster New City, General Trias, Cavite. Designed for families who value comfort, space, and functional design, Aira combines classic style with thoughtful features that make everyday living truly enjoyable.\r\n\r\nWith a floor area of 80 sqm and a lot area of 120 sqm, this home offers 3 well-proportioned bedrooms and 2 toilet & baths, along with dedicated spaces for your living, dining, and kitchen needs. The layout includes a provision for a walk-in closet, a balcony for quiet outdoor moments, and space for a 1-car garage, making it ideal for growing households.\r\n\r\nKey Specifications:\r\n\r\n· Pre-painted GI sheet roofing\r\n\r\n· Powder-coated windows for durability and style\r\n\r\n· Exterior walls: Painted plain cement finish\r\n\r\n· Interior walls: Painted plain cement finish\r\n\r\n· Tiled kitchen counter with stainless steel sink\r\n\r\n· Tiled toilet & bath with lavatory and complete shower fixtures\r\n\r\n· Tiled flooring on the ground floor and balcony\r\n\r\n· Plain cement finish on the second floor\r\n\r\n· Provision for air conditioning, telephone, and internet outlets\r\n\r\nPerfectly positioned within a well-connected township, Aira offers access to schools, retail centers, and major roadways—blending suburban tranquility with urban convenience.\r\n\r\nDiscover Aira—your gateway to comfortable, connected, and stylish living in Cavite’s premier township.", "developer": 2, "subdivision": 4, "price": "Starts at ₱8,076,400", "address": "Lancaster New City, General Trias, Cavite", "google_maps_link": "https://maps.app.goo.gl/WCh4DwVk7HvrG99HA", "lot_area_sqm": "120.00", "floor_area_sqm": "80.00", "status": "available", "created_at": "2025-08-07T05:27:18.501Z"}}, {"model": "properties.property", "pk": 10, "fields": {"title": "Hanna", "description": "Welcome to Hanna, a versatile and thoughtfully designed home located in the peaceful and expanding community of Minami Residences, General Trias, Cavite. Perfect for growing families, this home offers a balance of comfort, flexibility, and outdoor space that supports both daily living and future plans.\r\n\r\nWith a floor area of 54 sqm and a lot area of 80 sqm, Hanna features 3 bedrooms and 2 toilet & baths, along with distinct living, dining, and kitchen areas—all designed for functionality and ease. The home also comes with provision for a 2-car garage and a service area, giving you the space and freedom to live, move, and expand as your family’s needs evolve.\r\n\r\nKey Features:\r\n\r\n· 3 Bedrooms\r\n\r\n· 2 Toilet & Baths\r\n\r\n· Living, Dining, and Kitchen Areas\r\n\r\n· Provision for 2-Car Garage\r\n\r\n· Service Area Provision\r\n\r\nMinami Residences offers quadruplex homes with expansion capability, allowing you to adapt your space as your family grows. With outdoor open spaces ideal for children to play or for quiet leisure time, the community is designed to support not just your present, but your future too.\r\n\r\nLive in a home and a neighborhood that grows with you—choose Hanna at Minami Residences and start your family’s next chapter in comfort and style.", "developer": 2, "subdivision": 5, "price": "Starts at ₱4,437,905", "address": "Minami Residences, General Trias, Cavite", "google_maps_link": "https://maps.app.goo.gl/7ouKLJJt6QcY24929", "lot_area_sqm": "80.00", "floor_area_sqm": "54.00", "status": "available", "created_at": "2025-08-07T06:17:46.067Z"}}, {"model": "properties.propertyimage", "pk": 11, "fields": {"property": 1, "image": "property_images/Oakwood-exterior-raw-render-2b-1-scaled_tsivdj"}}, {"model": "properties.propertyimage", "pk": 12, "fields": {"property": 1, "image": "property_images/viber_image_2023-01-27_11-40-51-650-2_sho9cj"}}, {"model": "properties.propertyimage", "pk": 13, "fields": {"property": 1, "image": "property_images/viber_image_2023-01-27_11-40-52-012_kjkvms"}}, {"model": "properties.propertyimage", "pk": 14, "fields": {"property": 1, "image": "property_images/viber_image_2023-01-27_11-40-52-691_wowelp"}}, {"model": "properties.propertyimage", "pk": 15, "fields": {"property": 1, "image": "property_images/Screenshot_2025-07-29_at_1.39.01PM_l0kpvs"}}, {"model": "properties.propertyimage", "pk": 16, "fields": {"property": 2, "image": "property_images/viber_image_2023-08-01_18-02-24-827_ntkvlz"}}, {"model": "properties.propertyimage", "pk": 17, "fields": {"property": 2, "image": "property_images/viber_image_2023-08-01_18-02-25-600-1_rex9nn"}}, {"model": "properties.propertyimage", "pk": 18, "fields": {"property": 2, "image": "property_images/viber_image_2023-08-01_18-02-28-650_t8xu44"}}, {"model": "properties.propertyimage", "pk": 19, "fields": {"property": 2, "image": "property_images/2021-09-16-Bellefort-PaoloFeliciano_273-1-scaled_thvtrh"}}, {"model": "properties.propertyimage", "pk": 20, "fields": {"property": 2, "image": "property_images/2021-09-16-Bellefort-PaoloFeliciano_371-scaled_jdbujq"}}, {"model": "properties.propertyimage", "pk": 21, "fields": {"property": 2, "image": "property_images/20231123_145806_HDR-scaled_jttnw4"}}, {"model": "properties.propertyimage", "pk": 22, "fields": {"property": 2, "image": "property_images/20231123_145841_HDR-scaled_gjwino"}}, {"model": "properties.propertyimage", "pk": 23, "fields": {"property": 2, "image": "property_images/20231123_150223-scaled_slxggd"}}, {"model": "properties.propertyimage", "pk": 24, "fields": {"property": 2, "image": "property_images/bfe-vivinne-gfp_dadfhk"}}, {"model": "properties.propertyimage", "pk": 25, "fields": {"property": 1, "image": "property_images/bfe-vivinne-gfp_pxjp7y"}}, {"model": "properties.propertyimage", "pk": 26, "fields": {"property": 1, "image": "property_images/bfe-vivinne-gfp_p8nlmr"}}, {"model": "properties.propertyimage", "pk": 27, "fields": {"property": 3, "image": "property_images/DSC05896-scaled_qzcnv7"}}, {"model": "properties.propertyimage", "pk": 28, "fields": {"property": 3, "image": "property_images/viber_image_2023-08-01_18-01-57-362-1_xoo6gl"}}, {"model": "properties.propertyimage", "pk": 29, "fields": {"property": 3, "image": "property_images/2021-09-16-Bellefort-PaoloFeliciano_250-1-scaled_dva3js"}}, {"model": "properties.propertyimage", "pk": 30, "fields": {"property": 3, "image": "property_images/2021-09-16-Bellefort-PaoloFeliciano_239-2-scaled_xk7dsa"}}, {"model": "properties.propertyimage", "pk": 31, "fields": {"property": 3, "image": "property_images/20231123_145806_HDR-scaled_uzkbmb"}}, {"model": "properties.propertyimage", "pk": 32, "fields": {"property": 4, "image": "property_images/aliza1_paec0l"}}, {"model": "properties.propertyimage", "pk": 33, "fields": {"property": 4, "image": "property_images/aliza2_pukvwj"}}, {"model": "properties.propertyimage", "pk": 34, "fields": {"property": 4, "image": "property_images/aliza3_qi8udu"}}, {"model": "properties.propertyimage", "pk": 35, "fields": {"property": 4, "image": "property_images/aliza4_lsqj6e"}}, {"model": "properties.propertyimage", "pk": 36, "fields": {"property": 4, "image": "property_images/aliza5_rr9sr8"}}, {"model": "properties.propertyimage", "pk": 37, "fields": {"property": 4, "image": "property_images/aliza6_ggpw3x"}}, {"model": "properties.propertyimage", "pk": 38, "fields": {"property": 4, "image": "property_images/aliza7_w9borm"}}, {"model": "properties.propertyimage", "pk": 39, "fields": {"property": 4, "image": "property_images/aliza8_j6r9z2"}}, {"model": "properties.propertyimage", "pk": 40, "fields": {"property": 4, "image": "property_images/aliza9_oeftwi"}}, {"model": "properties.propertyimage", "pk": 41, "fields": {"property": 5, "image": "property_images/bianca1_onqrck"}}, {"model": "properties.propertyimage", "pk": 42, "fields": {"property": 5, "image": "property_images/bianca2_s9aas2"}}, {"model": "properties.propertyimage", "pk": 43, "fields": {"property": 5, "image": "property_images/bianca3_n13ksl"}}, {"model": "properties.propertyimage", "pk": 44, "fields": {"property": 5, "image": "property_images/bianca4_ei6mh5"}}, {"model": "properties.propertyimage", "pk": 45, "fields": {"property": 5, "image": "property_images/bianca5_qmz29e"}}, {"model": "properties.propertyimage", "pk": 46, "fields": {"property": 5, "image": "property_images/bianca6_uhph8g"}}, {"model": "properties.propertyimage", "pk": 47, "fields": {"property": 5, "image": "property_images/bianca7_eqbf1e"}}, {"model": "properties.propertyimage", "pk": 48, "fields": {"property": 5, "image": "property_images/bianca8_aha68w"}}, {"model": "properties.propertyimage", "pk": 49, "fields": {"property": 6, "image": "property_images/sam1_pxvpv6"}}, {"model": "properties.propertyimage", "pk": 50, "fields": {"property": 6, "image": "property_images/sam2_vqy45z"}}, {"model": "properties.propertyimage", "pk": 51, "fields": {"property": 6, "image": "property_images/sam3_ig5uus"}}, {"model": "properties.propertyimage", "pk": 52, "fields": {"property": 6, "image": "property_images/sam4_ct98wq"}}, {"model": "properties.propertyimage", "pk": 64, "fields": {"property": 7, "image": "property_images/alice1_b0bvjg"}}, {"model": "properties.propertyimage", "pk": 65, "fields": {"property": 7, "image": "property_images/alice2_mrmvrq"}}, {"model": "properties.propertyimage", "pk": 66, "fields": {"property": 7, "image": "property_images/alice3_rfvvil"}}, {"model": "properties.propertyimage", "pk": 67, "fields": {"property": 7, "image": "property_images/alice4_xqkbed"}}, {"model": "properties.propertyimage", "pk": 68, "fields": {"property": 7, "image": "property_images/alice5_fxjvof"}}, {"model": "properties.propertyimage", "pk": 69, "fields": {"property": 7, "image": "property_images/alice6_thif2g"}}, {"model": "properties.propertyimage", "pk": 70, "fields": {"property": 7, "image": "property_images/alice7_p17n5g"}}, {"model": "properties.propertyimage", "pk": 71, "fields": {"property": 8, "image": "property_images/thea1_fwijmy"}}, {"model": "properties.propertyimage", "pk": 72, "fields": {"property": 8, "image": "property_images/thea2_ewgh9k"}}, {"model": "properties.propertyimage", "pk": 73, "fields": {"property": 8, "image": "property_images/thea3_vxhlfn"}}, {"model": "properties.propertyimage", "pk": 74, "fields": {"property": 8, "image": "property_images/thea4_grbyfy"}}, {"model": "properties.propertyimage", "pk": 75, "fields": {"property": 8, "image": "property_images/thea5_k0hacz"}}, {"model": "properties.propertyimage", "pk": 76, "fields": {"property": 8, "image": "property_images/thea6_i6qsuc"}}, {"model": "properties.propertyimage", "pk": 77, "fields": {"property": 8, "image": "property_images/thea7_nkwdvu"}}, {"model": "properties.propertyimage", "pk": 78, "fields": {"property": 8, "image": "property_images/thea8_bzttog"}}, {"model": "properties.propertyimage", "pk": 79, "fields": {"property": 8, "image": "property_images/thea9_dabe4z"}}, {"model": "properties.propertyimage", "pk": 80, "fields": {"property": 9, "image": "property_images/aira1_kyyok5"}}, {"model": "properties.propertyimage", "pk": 81, "fields": {"property": 9, "image": "property_images/aira2_pnuc4y"}}, {"model": "properties.propertyimage", "pk": 82, "fields": {"property": 9, "image": "property_images/aira3_tlflqb"}}, {"model": "properties.propertyimage", "pk": 83, "fields": {"property": 9, "image": "property_images/aira4_ibsucd"}}, {"model": "properties.propertyimage", "pk": 84, "fields": {"property": 9, "image": "property_images/aira5_m2cg8r"}}, {"model": "properties.propertyimage", "pk": 85, "fields": {"property": 9, "image": "property_images/aira6_biea1r"}}, {"model": "properties.propertyimage", "pk": 86, "fields": {"property": 9, "image": "property_images/aira7_vcvfuu"}}, {"model": "properties.propertyimage", "pk": 87, "fields": {"property": 9, "image": "property_images/aira8_e71rwt"}}, {"model": "properties.propertyimage", "pk": 88, "fields": {"property": 9, "image": "property_images/aira9_flialt"}}, {"model": "properties.propertyimage", "pk": 89, "fields": {"property": 9, "image": "property_images/aira10_ivby09"}}, {"model": "properties.propertyimage", "pk": 90, "fields": {"property": 10, "image": "property_images/hanna1_esoqm2"}}, {"model": "properties.propertyimage", "pk": 91, "fields": {"property": 10, "image": "property_images/hanna2_tqpbe0"}}, {"model": "properties.propertyimage", "pk": 92, "fields": {"property": 10, "image": "property_images/hanna3_puqkhh"}}, {"model": "properties.propertyimage", "pk": 93, "fields": {"property": 10, "image": "property_images/hanna4_tal9sy"}}, {"model": "properties.propertyimage", "pk": 94, "fields": {"property": 10, "image": "property_images/hanna5_w0rrr5"}}, {"model": "properties.propertyimage", "pk": 95, "fields": {"property": 10, "image": "property_images/hanna6_jthdwq"}}, {"model": "properties.propertyimage", "pk": 96, "fields": {"property": 10, "image": "property_images/hannau_npwenu"}}, {"model": "properties.propertyimage", "pk": 97, "fields": {"property": 10, "image": "property_images/hanna8_vp5e2x"}}, {"model": "properties.propertyimage", "pk": 98, "fields": {"property": 10, "image": "property_images/hanna9_yrbdlf"}}, {"model": "properties.propertyimage", "pk": 99, "fields": {"property": 10, "image": "property_images/hanna10_wzmxuo"}}, {"model": "auth.permission", "fields": {"name": "Can add log entry", "content_type": ["admin", "logentry"], "codename": "add_logentry"}}, {"model": "auth.permission", "fields": {"name": "Can change log entry", "content_type": ["admin", "logentry"], "codename": "change_logentry"}}, {"model": "auth.permission", "fields": {"name": "Can delete log entry", "content_type": ["admin", "logentry"], "codename": "delete_logentry"}}, {"model": "auth.permission", "fields": {"name": "Can view log entry", "content_type": ["admin", "logentry"], "codename": "view_logentry"}}, {"model": "auth.permission", "fields": {"name": "Can add permission", "content_type": ["auth", "permission"], "codename": "add_permission"}}, {"model": "auth.permission", "fields": {"name": "Can change permission", "content_type": ["auth", "permission"], "codename": "change_permission"}}, {"model": "auth.permission", "fields": {"name": "Can delete permission", "content_type": ["auth", "permission"], "codename": "delete_permission"}}, {"model": "auth.permission", "fields": {"name": "Can view permission", "content_type": ["auth", "permission"], "codename": "view_permission"}}, {"model": "auth.permission", "fields": {"name": "Can add group", "content_type": ["auth", "group"], "codename": "add_group"}}, {"model": "auth.permission", "fields": {"name": "Can change group", "content_type": ["auth", "group"], "codename": "change_group"}}, {"model": "auth.permission", "fields": {"name": "Can delete group", "content_type": ["auth", "group"], "codename": "delete_group"}}, {"model": "auth.permission", "fields": {"name": "Can view group", "content_type": ["auth", "group"], "codename": "view_group"}}, {"model": "auth.permission", "fields": {"name": "Can add user", "content_type": ["auth", "user"], "codename": "add_user"}}, {"model": "auth.permission", "fields": {"name": "Can change user", "content_type": ["auth", "user"], "codename": "change_user"}}, {"model": "auth.permission", "fields": {"name": "Can delete user", "content_type": ["auth", "user"], "codename": "delete_user"}}, {"model": "auth.permission", "fields": {"name": "Can view user", "content_type": ["auth", "user"], "codename": "view_user"}}, {"model": "auth.permission", "fields": {"name": "Can add content type", "content_type": ["contenttypes", "contenttype"], "codename": "add_contenttype"}}, {"model": "auth.permission", "fields": {"name": "Can change content type", "content_type": ["contenttypes", "contenttype"], "codename": "change_contenttype"}}, {"model": "auth.permission", "fields": {"name": "Can delete content type", "content_type": ["contenttypes", "contenttype"], "codename": "delete_contenttype"}}, {"model": "auth.permission", "fields": {"name": "Can view content type", "content_type": ["contenttypes", "contenttype"], "codename": "view_contenttype"}}, {"model": "auth.permission", "fields": {"name": "Can add session", "content_type": ["sessions", "session"], "codename": "add_session"}}, {"model": "auth.permission", "fields": {"name": "Can change session", "content_type": ["sessions", "session"], "codename": "change_session"}}, {"model": "auth.permission", "fields": {"name": "Can delete session", "content_type": ["sessions", "session"], "codename": "delete_session"}}, {"model": "auth.permission", "fields": {"name": "Can view session", "content_type": ["sessions", "session"], "codename": "view_session"}}, {"model": "auth.permission", "fields": {"name": "Can add developer", "content_type": ["properties", "developer"], "codename": "add_developer"}}, {"model": "auth.permission", "fields": {"name": "Can change developer", "content_type": ["properties", "developer"], "codename": "change_developer"}}, {"model": "auth.permission", "fields": {"name": "Can delete developer", "content_type": ["properties", "developer"], "codename": "delete_developer"}}, {"model": "auth.permission", "fields": {"name": "Can view developer", "content_type": ["properties", "developer"], "codename": "view_developer"}}, {"model": "auth.permission", "fields": {"name": "Can add property", "content_type": ["properties", "property"], "codename": "add_property"}}, {"model": "auth.permission", "fields": {"name": "Can change property", "content_type": ["properties", "property"], "codename": "change_property"}}, {"model": "auth.permission", "fields": {"name": "Can delete property", "content_type": ["properties", "property"], "codename": "delete_property"}}, {"model": "auth.permission", "fields": {"name": "Can view property", "content_type": ["properties", "property"], "codename": "view_property"}}, {"model": "auth.permission", "fields": {"name": "Can add property image", "content_type": ["properties", "propertyimage"], "codename": "add_propertyimage"}}, {"model": "auth.permission", "fields": {"name": "Can change property image", "content_type": ["properties", "propertyimage"], "codename": "change_propertyimage"}}, {"model": "auth.permission", "fields": {"name": "Can delete property image", "content_type": ["properties", "propertyimage"], "codename": "delete_propertyimage"}}, {"model": "auth.permission", "fields": {"name": "Can view property image", "content_type": ["properties", "propertyimage"], "codename": "view_propertyimage"}}, {"model": "auth.permission", "fields": {"name": "Can add subdivision", "content_type": ["properties", "subdivision"], "codename": "add_subdivision"}}, {"model": "auth.permission", "fields": {"name": "Can change subdivision", "content_type": ["properties", "subdivision"], "codename": "change_subdivision"}}, {"model": "auth.permission", "fields": {"name": "Can delete subdivision", "content_type": ["properties", "subdivision"], "codename": "delete_subdivision"}}, {"model": "auth.permission", "fields": {"name": "Can view subdivision", "content_type": ["properties", "subdivision"], "codename": "view_subdivision"}}, {"model": "auth.user", "fields": {"password": "pbkdf2_sha256$1000000$CNAHClQCr7GED7JDIUNnVP$MunzSszDfOE/PHJjH7NH1/kz93MDdyGFD9tEX2PkNyA=", "last_login": "2025-07-29T03:44:45.038Z", "is_superuser": true, "username": "ANNREGAR", "first_name": "", "last_name": "", "email": "annregar@email.com", "is_staff": true, "is_active": true, "date_joined": "2025-07-29T03:34:59.238Z", "groups": [], "user_permissions": []}}, {"model": "auth.user", "fields": {"password": "pbkdf2_sha256$1000000$IukjKXXBysw7wM40jtuyg0$tKFhBQ8VIo9usk3UkZGImZHOWfjEWQYc+5lRM4AaeK0=", "last_login": null, "is_superuser": false, "username": "lester", "first_name": "", "last_name": "", "email": "", "is_staff": false, "is_active": true, "date_joined": "2025-08-01T03:00:32.752Z", "groups": [], "user_permissions": []}}, {"model": "auth.user", "fields": {"password": "pbkdf2_sha256$1000000$VsQ3pliQcKsVJmpMF6v2cK$e+6JbX2ofBnD5I4JeoQH4juEuqlytwLK4hYY4LANj+o=", "last_login": null, "is_superuser": false, "username": "pat", "first_name": "", "last_name": "", "email": "", "is_staff": false, "is_active": true, "date_joined": "2025-08-01T03:00:52.688Z", "groups": [], "user_permissions": []}}, {"model": "auth.user", "fields": {"password": "pbkdf2_sha256$1000000$lE2Prz7J0mFkLAjiE4UkCO$xG0AlZaFT250VeKRkbB8/gHqMdyRqBtfWwz/ZdJfiiY=", "last_login": "2025-08-06T05:54:03.692Z", "is_superuser": true, "username": "annregar", "first_name": "", "last_name": "", "email": "annregar@email.com", "is_staff": true, "is_active": true, "date_joined": "2025-08-06T05:49:34.652Z", "groups": [], "user_permissions": []}}, {"model": "admin.logentry", "pk": 1, "fields": {"action_time": "2025-07-29T03:57:40.642Z", "user": ["ANNREGAR"], "content_type": ["properties", "developer"], "object_id": "1", "object_repr": "Breighton Land Inc.", "action_flag": 1, "change_message": "[{\"added\": {}}]"}}, {"model": "admin.logentry", "pk": 2, "fields": {"action_time": "2025-07-29T03:57:57.697Z", "user": ["ANNREGAR"], "content_type": ["properties", "developer"], "object_id": "2", "object_repr": "Property Company of Friends", "action_flag": 1, "change_message": "[{\"added\": {}}]"}}, {"model": "admin.logentry", "pk": 3, "fields": {"action_time": "2025-07-29T03:58:13.594Z", "user": ["ANNREGAR"], "content_type": ["properties", "subdivision"], "object_id": "1", "object_repr": "Carmona Estates", "action_flag": 1, "change_message": "[{\"added\": {}}]"}}, {"model": "admin.logentry", "pk": 4, "fields": {"action_time": "2025-07-29T03:58:26.115Z", "user": ["ANNREGAR"], "content_type": ["properties", "subdivision"], "object_id": "2", "object_repr": "Bellefort Estates", "action_flag": 1, "change_message": "[{\"added\": {}}]"}}, {"model": "admin.logentry", "pk": 5, "fields": {"action_time": "2025-07-29T03:58:40.745Z", "user": ["ANNREGAR"], "content_type": ["properties", "subdivision"], "object_id": "3", "object_repr": "Victoria South of Alabang", "action_flag": 1, "change_message": "[{\"added\": {}}]"}}, {"model": "admin.logentry", "pk": 6, "fields": {"action_time": "2025-07-29T03:59:02.126Z", "user": ["ANNREGAR"], "content_type": ["properties", "subdivision"], "object_id": "4", "object_repr": "Lancaster New City", "action_flag": 1, "change_message": "[{\"added\": {}}]"}}, {"model": "admin.logentry", "pk": 7, "fields": {"action_time": "2025-07-29T03:59:13.285Z", "user": ["ANNREGAR"], "content_type": ["properties", "subdivision"], "object_id": "5", "object_repr": "Minami Residences", "action_flag": 1, "change_message": "[{\"added\": {}}]"}}, {"model": "admin.logentry", "pk": 8, "fields": {"action_time": "2025-07-29T03:59:24.530Z", "user": ["ANNREGAR"], "content_type": ["properties", "subdivision"], "object_id": "6", "object_repr": "Micara Estates", "action_flag": 1, "change_message": "[{\"added\": {}}]"}}, {"model": "admin.logentry", "pk": 9, "fields": {"action_time": "2025-07-29T05:39:24.099Z", "user": ["ANNREGAR"], "content_type": ["properties", "property"], "object_id": "1", "object_repr": "Oakwood", "action_flag": 1, "change_message": "[{\"added\": {}}]"}}, {"model": "admin.logentry", "pk": 10, "fields": {"action_time": "2025-07-29T05:47:20.705Z", "user": ["ANNREGAR"], "content_type": ["properties", "propertyimage"], "object_id": "1", "object_repr": "Oakwood Image", "action_flag": 1, "change_message": "[{\"added\": {}}]"}}, {"model": "admin.logentry", "pk": 11, "fields": {"action_time": "2025-07-29T05:47:38.168Z", "user": ["ANNREGAR"], "content_type": ["properties", "propertyimage"], "object_id": "2", "object_repr": "Oakwood Image", "action_flag": 1, "change_message": "[{\"added\": {}}]"}}, {"model": "admin.logentry", "pk": 12, "fields": {"action_time": "2025-07-29T05:47:51.100Z", "user": ["ANNREGAR"], "content_type": ["properties", "propertyimage"], "object_id": "3", "object_repr": "Oakwood Image", "action_flag": 1, "change_message": "[{\"added\": {}}]"}}, {"model": "admin.logentry", "pk": 13, "fields": {"action_time": "2025-07-29T05:48:02.707Z", "user": ["ANNREGAR"], "content_type": ["properties", "propertyimage"], "object_id": "4", "object_repr": "Oakwood Image", "action_flag": 1, "change_message": "[{\"added\": {}}]"}}, {"model": "admin.logentry", "pk": 14, "fields": {"action_time": "2025-07-29T05:48:11.728Z", "user": ["ANNREGAR"], "content_type": ["properties", "propertyimage"], "object_id": "5", "object_repr": "Oakwood Image", "action_flag": 1, "change_message": "[{\"added\": {}}]"}}, {"model": "admin.logentry", "pk": 15, "fields": {"action_time": "2025-07-29T05:54:59.584Z", "user": ["ANNREGAR"], "content_type": ["properties", "propertyimage"], "object_id": "5", "object_repr": "Oakwood Image", "action_flag": 3, "change_message": ""}}, {"model": "admin.logentry", "pk": 16, "fields": {"action_time": "2025-07-29T05:54:59.584Z", "user": ["ANNREGAR"], "content_type": ["properties", "propertyimage"], "object_id": "4", "object_repr": "Oakwood Image", "action_flag": 3, "change_message": ""}}, {"model": "admin.logentry", "pk": 17, "fields": {"action_time": "2025-07-29T05:54:59.584Z", "user": ["ANNREGAR"], "content_type": ["properties", "propertyimage"], "object_id": "3", "object_repr": "Oakwood Image", "action_flag": 3, "change_message": ""}}, {"model": "admin.logentry", "pk": 18, "fields": {"action_time": "2025-07-29T05:54:59.584Z", "user": ["ANNREGAR"], "content_type": ["properties", "propertyimage"], "object_id": "2", "object_repr": "Oakwood Image", "action_flag": 3, "change_message": ""}}, {"model": "admin.logentry", "pk": 19, "fields": {"action_time": "2025-07-29T05:54:59.584Z", "user": ["ANNREGAR"], "content_type": ["properties", "propertyimage"], "object_id": "1", "object_repr": "Oakwood Image", "action_flag": 3, "change_message": ""}}, {"model": "admin.logentry", "pk": 20, "fields": {"action_time": "2025-07-29T05:55:19.472Z", "user": ["ANNREGAR"], "content_type": ["properties", "propertyimage"], "object_id": "6", "object_repr": "Oakwood Image", "action_flag": 1, "change_message": "[{\"added\": {}}]"}}, {"model": "admin.logentry", "pk": 21, "fields": {"action_time": "2025-07-29T05:55:34.050Z", "user": ["ANNREGAR"], "content_type": ["properties", "propertyimage"], "object_id": "7", "object_repr": "Oakwood Image", "action_flag": 1, "change_message": "[{\"added\": {}}]"}}, {"model": "admin.logentry", "pk": 22, "fields": {"action_time": "2025-07-29T05:55:48.925Z", "user": ["ANNREGAR"], "content_type": ["properties", "propertyimage"], "object_id": "8", "object_repr": "Oakwood Image", "action_flag": 1, "change_message": "[{\"added\": {}}]"}}, {"model": "admin.logentry", "pk": 23, "fields": {"action_time": "2025-07-29T05:55:56.783Z", "user": ["ANNREGAR"], "content_type": ["properties", "propertyimage"], "object_id": "9", "object_repr": "Oakwood Image", "action_flag": 1, "change_message": "[{\"added\": {}}]"}}, {"model": "admin.logentry", "pk": 24, "fields": {"action_time": "2025-07-29T05:56:07.030Z", "user": ["ANNREGAR"], "content_type": ["properties", "propertyimage"], "object_id": "10", "object_repr": "Oakwood Image", "action_flag": 1, "change_message": "[{\"added\": {}}]"}}, {"model": "admin.logentry", "pk": 25, "fields": {"action_time": "2025-07-29T05:57:35.867Z", "user": ["ANNREGAR"], "content_type": ["properties", "property"], "object_id": "1", "object_repr": "Oakwood", "action_flag": 2, "change_message": "[{\"changed\": {\"fields\": [\"Description\"]}}]"}}, {"model": "admin.logentry", "pk": 26, "fields": {"action_time": "2025-07-29T07:39:59.685Z", "user": ["ANNREGAR"], "content_type": ["properties", "propertyimage"], "object_id": "10", "object_repr": "Oakwood Image", "action_flag": 3, "change_message": ""}}, {"model": "admin.logentry", "pk": 27, "fields": {"action_time": "2025-07-29T07:39:59.685Z", "user": ["ANNREGAR"], "content_type": ["properties", "propertyimage"], "object_id": "9", "object_repr": "Oakwood Image", "action_flag": 3, "change_message": ""}}, {"model": "admin.logentry", "pk": 28, "fields": {"action_time": "2025-07-29T07:39:59.685Z", "user": ["ANNREGAR"], "content_type": ["properties", "propertyimage"], "object_id": "8", "object_repr": "Oakwood Image", "action_flag": 3, "change_message": ""}}, {"model": "admin.logentry", "pk": 29, "fields": {"action_time": "2025-07-29T07:39:59.685Z", "user": ["ANNREGAR"], "content_type": ["properties", "propertyimage"], "object_id": "7", "object_repr": "Oakwood Image", "action_flag": 3, "change_message": ""}}, {"model": "admin.logentry", "pk": 30, "fields": {"action_time": "2025-07-29T07:39:59.685Z", "user": ["ANNREGAR"], "content_type": ["properties", "propertyimage"], "object_id": "6", "object_repr": "Oakwood Image", "action_flag": 3, "change_message": ""}}, {"model": "admin.logentry", "pk": 31, "fields": {"action_time": "2025-07-29T07:42:11.680Z", "user": ["ANNREGAR"], "content_type": ["properties", "propertyimage"], "object_id": "11", "object_repr": "Oakwood Image", "action_flag": 1, "change_message": "[{\"added\": {}}]"}}, {"model": "admin.logentry", "pk": 32, "fields": {"action_time": "2025-07-29T07:42:43.667Z", "user": ["ANNREGAR"], "content_type": ["properties", "propertyimage"], "object_id": "12", "object_repr": "Oakwood Image", "action_flag": 1, "change_message": "[{\"added\": {}}]"}}, {"model": "admin.logentry", "pk": 33, "fields": {"action_time": "2025-07-29T07:42:59.786Z", "user": ["ANNREGAR"], "content_type": ["properties", "propertyimage"], "object_id": "13", "object_repr": "Oakwood Image", "action_flag": 1, "change_message": "[{\"added\": {}}]"}}, {"model": "admin.logentry", "pk": 34, "fields": {"action_time": "2025-07-29T07:43:11.254Z", "user": ["ANNREGAR"], "content_type": ["properties", "propertyimage"], "object_id": "14", "object_repr": "Oakwood Image", "action_flag": 1, "change_message": "[{\"added\": {}}]"}}, {"model": "admin.logentry", "pk": 35, "fields": {"action_time": "2025-07-29T07:43:27.698Z", "user": ["ANNREGAR"], "content_type": ["properties", "propertyimage"], "object_id": "15", "object_repr": "Oakwood Image", "action_flag": 1, "change_message": "[{\"added\": {}}]"}}, {"model": "admin.logentry", "pk": 36, "fields": {"action_time": "2025-07-30T03:02:41.659Z", "user": ["ANNREGAR"], "content_type": ["properties", "property"], "object_id": "2", "object_repr": "Vivienne", "action_flag": 1, "change_message": "[{\"added\": {}}]"}}, {"model": "admin.logentry", "pk": 37, "fields": {"action_time": "2025-07-30T03:03:23.387Z", "user": ["ANNREGAR"], "content_type": ["properties", "property"], "object_id": "1", "object_repr": "Oakwood", "action_flag": 2, "change_message": "[{\"changed\": {\"fields\": [\"Price\"]}}]"}}, {"model": "admin.logentry", "pk": 38, "fields": {"action_time": "2025-07-30T03:03:37.243Z", "user": ["ANNREGAR"], "content_type": ["properties", "property"], "object_id": "2", "object_repr": "Vivienne", "action_flag": 2, "change_message": "[{\"changed\": {\"fields\": [\"Price\"]}}]"}}, {"model": "admin.logentry", "pk": 39, "fields": {"action_time": "2025-07-30T03:05:39.953Z", "user": ["ANNREGAR"], "content_type": ["properties", "propertyimage"], "object_id": "16", "object_repr": "Vivienne Image", "action_flag": 1, "change_message": "[{\"added\": {}}]"}}, {"model": "admin.logentry", "pk": 40, "fields": {"action_time": "2025-07-30T03:05:52.385Z", "user": ["ANNREGAR"], "content_type": ["properties", "propertyimage"], "object_id": "17", "object_repr": "Vivienne Image", "action_flag": 1, "change_message": "[{\"added\": {}}]"}}, {"model": "admin.logentry", "pk": 41, "fields": {"action_time": "2025-07-30T03:06:57.361Z", "user": ["ANNREGAR"], "content_type": ["properties", "propertyimage"], "object_id": "18", "object_repr": "Vivienne Image", "action_flag": 1, "change_message": "[{\"added\": {}}]"}}, {"model": "admin.logentry", "pk": 42, "fields": {"action_time": "2025-07-30T03:07:13.309Z", "user": ["ANNREGAR"], "content_type": ["properties", "propertyimage"], "object_id": "19", "object_repr": "Vivienne Image", "action_flag": 1, "change_message": "[{\"added\": {}}]"}}, {"model": "admin.logentry", "pk": 43, "fields": {"action_time": "2025-07-30T03:07:22.651Z", "user": ["ANNREGAR"], "content_type": ["properties", "propertyimage"], "object_id": "20", "object_repr": "Vivienne Image", "action_flag": 1, "change_message": "[{\"added\": {}}]"}}, {"model": "admin.logentry", "pk": 44, "fields": {"action_time": "2025-07-30T03:07:35.106Z", "user": ["ANNREGAR"], "content_type": ["properties", "propertyimage"], "object_id": "21", "object_repr": "Vivienne Image", "action_flag": 1, "change_message": "[{\"added\": {}}]"}}, {"model": "admin.logentry", "pk": 45, "fields": {"action_time": "2025-07-30T03:07:47.653Z", "user": ["ANNREGAR"], "content_type": ["properties", "propertyimage"], "object_id": "22", "object_repr": "Vivienne Image", "action_flag": 1, "change_message": "[{\"added\": {}}]"}}, {"model": "admin.logentry", "pk": 46, "fields": {"action_time": "2025-07-30T03:07:58.687Z", "user": ["ANNREGAR"], "content_type": ["properties", "propertyimage"], "object_id": "23", "object_repr": "Vivienne Image", "action_flag": 1, "change_message": "[{\"added\": {}}]"}}, {"model": "admin.logentry", "pk": 47, "fields": {"action_time": "2025-07-30T03:08:06.913Z", "user": ["ANNREGAR"], "content_type": ["properties", "propertyimage"], "object_id": "24", "object_repr": "Vivienne Image", "action_flag": 1, "change_message": "[{\"added\": {}}]"}}, {"model": "admin.logentry", "pk": 48, "fields": {"action_time": "2025-07-30T03:18:40.325Z", "user": ["ANNREGAR"], "content_type": ["properties", "propertyimage"], "object_id": "25", "object_repr": "Oakwood Image", "action_flag": 1, "change_message": "[{\"added\": {}}]"}}, {"model": "admin.logentry", "pk": 49, "fields": {"action_time": "2025-07-30T03:18:41.045Z", "user": ["ANNREGAR"], "content_type": ["properties", "propertyimage"], "object_id": "26", "object_repr": "Oakwood Image", "action_flag": 1, "change_message": "[{\"added\": {}}]"}}, {"model": "admin.logentry", "pk": 50, "fields": {"action_time": "2025-07-30T06:31:28.135Z", "user": ["ANNREGAR"], "content_type": ["properties", "property"], "object_id": "3", "object_repr": "Sabine", "action_flag": 1, "change_message": "[{\"added\": {}}]"}}, {"model": "admin.logentry", "pk": 51, "fields": {"action_time": "2025-07-30T06:33:04.525Z", "user": ["ANNREGAR"], "content_type": ["properties", "propertyimage"], "object_id": "27", "object_repr": "Sabine Image", "action_flag": 1, "change_message": "[{\"added\": {}}]"}}, {"model": "admin.logentry", "pk": 52, "fields": {"action_time": "2025-07-30T06:33:21.725Z", "user": ["ANNREGAR"], "content_type": ["properties", "propertyimage"], "object_id": "28", "object_repr": "Sabine Image", "action_flag": 1, "change_message": "[{\"added\": {}}]"}}, {"model": "admin.logentry", "pk": 53, "fields": {"action_time": "2025-07-30T06:34:17.505Z", "user": ["ANNREGAR"], "content_type": ["properties", "propertyimage"], "object_id": "29", "object_repr": "Sabine Image", "action_flag": 1, "change_message": "[{\"added\": {}}]"}}, {"model": "admin.logentry", "pk": 54, "fields": {"action_time": "2025-07-30T06:34:38.339Z", "user": ["ANNREGAR"], "content_type": ["properties", "propertyimage"], "object_id": "30", "object_repr": "Sabine Image", "action_flag": 1, "change_message": "[{\"added\": {}}]"}}, {"model": "admin.logentry", "pk": 55, "fields": {"action_time": "2025-07-30T06:34:48.392Z", "user": ["ANNREGAR"], "content_type": ["properties", "propertyimage"], "object_id": "31", "object_repr": "Sabine Image", "action_flag": 1, "change_message": "[{\"added\": {}}]"}}, {"model": "admin.logentry", "pk": 56, "fields": {"action_time": "2025-07-30T06:43:16.789Z", "user": ["ANNREGAR"], "content_type": ["properties", "property"], "object_id": "4", "object_repr": "Aliza", "action_flag": 1, "change_message": "[{\"added\": {}}]"}}, {"model": "admin.logentry", "pk": 57, "fields": {"action_time": "2025-07-30T06:44:44.017Z", "user": ["ANNREGAR"], "content_type": ["properties", "propertyimage"], "object_id": "32", "object_repr": "Aliza Image", "action_flag": 1, "change_message": "[{\"added\": {}}]"}}, {"model": "admin.logentry", "pk": 58, "fields": {"action_time": "2025-07-30T06:44:54.709Z", "user": ["ANNREGAR"], "content_type": ["properties", "propertyimage"], "object_id": "33", "object_repr": "Aliza Image", "action_flag": 1, "change_message": "[{\"added\": {}}]"}}, {"model": "admin.logentry", "pk": 59, "fields": {"action_time": "2025-07-30T06:45:03.739Z", "user": ["ANNREGAR"], "content_type": ["properties", "propertyimage"], "object_id": "34", "object_repr": "Aliza Image", "action_flag": 1, "change_message": "[{\"added\": {}}]"}}, {"model": "admin.logentry", "pk": 60, "fields": {"action_time": "2025-07-30T06:45:13.342Z", "user": ["ANNREGAR"], "content_type": ["properties", "propertyimage"], "object_id": "35", "object_repr": "Aliza Image", "action_flag": 1, "change_message": "[{\"added\": {}}]"}}, {"model": "admin.logentry", "pk": 61, "fields": {"action_time": "2025-07-30T06:45:22.779Z", "user": ["ANNREGAR"], "content_type": ["properties", "propertyimage"], "object_id": "36", "object_repr": "Aliza Image", "action_flag": 1, "change_message": "[{\"added\": {}}]"}}, {"model": "admin.logentry", "pk": 62, "fields": {"action_time": "2025-07-30T06:45:32.859Z", "user": ["ANNREGAR"], "content_type": ["properties", "propertyimage"], "object_id": "37", "object_repr": "Aliza Image", "action_flag": 1, "change_message": "[{\"added\": {}}]"}}, {"model": "admin.logentry", "pk": 63, "fields": {"action_time": "2025-07-30T06:45:42.883Z", "user": ["ANNREGAR"], "content_type": ["properties", "propertyimage"], "object_id": "38", "object_repr": "Aliza Image", "action_flag": 1, "change_message": "[{\"added\": {}}]"}}, {"model": "admin.logentry", "pk": 64, "fields": {"action_time": "2025-07-30T06:45:54.109Z", "user": ["ANNREGAR"], "content_type": ["properties", "propertyimage"], "object_id": "39", "object_repr": "Aliza Image", "action_flag": 1, "change_message": "[{\"added\": {}}]"}}, {"model": "admin.logentry", "pk": 65, "fields": {"action_time": "2025-07-30T06:46:04.479Z", "user": ["ANNREGAR"], "content_type": ["properties", "propertyimage"], "object_id": "40", "object_repr": "Aliza Image", "action_flag": 1, "change_message": "[{\"added\": {}}]"}}, {"model": "admin.logentry", "pk": 66, "fields": {"action_time": "2025-07-31T06:45:06.864Z", "user": ["ANNREGAR"], "content_type": ["properties", "property"], "object_id": "5", "object_repr": "Bianca", "action_flag": 1, "change_message": "[{\"added\": {}}]"}}, {"model": "admin.logentry", "pk": 67, "fields": {"action_time": "2025-07-31T06:46:12.091Z", "user": ["ANNREGAR"], "content_type": ["properties", "propertyimage"], "object_id": "41", "object_repr": "Bianca Image", "action_flag": 1, "change_message": "[{\"added\": {}}]"}}, {"model": "admin.logentry", "pk": 68, "fields": {"action_time": "2025-07-31T06:46:19.251Z", "user": ["ANNREGAR"], "content_type": ["properties", "propertyimage"], "object_id": "42", "object_repr": "Bianca Image", "action_flag": 1, "change_message": "[{\"added\": {}}]"}}, {"model": "admin.logentry", "pk": 69, "fields": {"action_time": "2025-07-31T06:46:27.667Z", "user": ["ANNREGAR"], "content_type": ["properties", "propertyimage"], "object_id": "43", "object_repr": "Bianca Image", "action_flag": 1, "change_message": "[{\"added\": {}}]"}}, {"model": "admin.logentry", "pk": 70, "fields": {"action_time": "2025-07-31T06:46:39.764Z", "user": ["ANNREGAR"], "content_type": ["properties", "propertyimage"], "object_id": "44", "object_repr": "Bianca Image", "action_flag": 1, "change_message": "[{\"added\": {}}]"}}, {"model": "admin.logentry", "pk": 71, "fields": {"action_time": "2025-07-31T06:46:48.014Z", "user": ["ANNREGAR"], "content_type": ["properties", "propertyimage"], "object_id": "45", "object_repr": "Bianca Image", "action_flag": 1, "change_message": "[{\"added\": {}}]"}}, {"model": "admin.logentry", "pk": 72, "fields": {"action_time": "2025-07-31T06:46:54.685Z", "user": ["ANNREGAR"], "content_type": ["properties", "propertyimage"], "object_id": "46", "object_repr": "Bianca Image", "action_flag": 1, "change_message": "[{\"added\": {}}]"}}, {"model": "admin.logentry", "pk": 73, "fields": {"action_time": "2025-07-31T06:47:02.231Z", "user": ["ANNREGAR"], "content_type": ["properties", "propertyimage"], "object_id": "47", "object_repr": "Bianca Image", "action_flag": 1, "change_message": "[{\"added\": {}}]"}}, {"model": "admin.logentry", "pk": 74, "fields": {"action_time": "2025-07-31T06:47:08.782Z", "user": ["ANNREGAR"], "content_type": ["properties", "propertyimage"], "object_id": "48", "object_repr": "Bianca Image", "action_flag": 1, "change_message": "[{\"added\": {}}]"}}, {"model": "admin.logentry", "pk": 75, "fields": {"action_time": "2025-08-01T02:48:43.928Z", "user": ["ANNREGAR"], "content_type": ["properties", "property"], "object_id": "6", "object_repr": "Samantha", "action_flag": 1, "change_message": "[{\"added\": {}}]"}}, {"model": "admin.logentry", "pk": 76, "fields": {"action_time": "2025-08-01T02:49:33.496Z", "user": ["ANNREGAR"], "content_type": ["properties", "propertyimage"], "object_id": "49", "object_repr": "Samantha Image", "action_flag": 1, "change_message": "[{\"added\": {}}]"}}, {"model": "admin.logentry", "pk": 77, "fields": {"action_time": "2025-08-01T02:49:43.734Z", "user": ["ANNREGAR"], "content_type": ["properties", "propertyimage"], "object_id": "50", "object_repr": "Samantha Image", "action_flag": 1, "change_message": "[{\"added\": {}}]"}}, {"model": "admin.logentry", "pk": 78, "fields": {"action_time": "2025-08-01T02:49:53.751Z", "user": ["ANNREGAR"], "content_type": ["properties", "propertyimage"], "object_id": "51", "object_repr": "Samantha Image", "action_flag": 1, "change_message": "[{\"added\": {}}]"}}, {"model": "admin.logentry", "pk": 79, "fields": {"action_time": "2025-08-01T02:50:02.229Z", "user": ["ANNREGAR"], "content_type": ["properties", "propertyimage"], "object_id": "52", "object_repr": "Samantha Image", "action_flag": 1, "change_message": "[{\"added\": {}}]"}}, {"model": "admin.logentry", "pk": 80, "fields": {"action_time": "2025-08-01T03:00:35.487Z", "user": ["ANNREGAR"], "content_type": ["auth", "user"], "object_id": "2", "object_repr": "lester", "action_flag": 1, "change_message": "[{\"added\": {}}]"}}, {"model": "admin.logentry", "pk": 81, "fields": {"action_time": "2025-08-01T03:00:55.408Z", "user": ["ANNREGAR"], "content_type": ["auth", "user"], "object_id": "3", "object_repr": "pat", "action_flag": 1, "change_message": "[{\"added\": {}}]"}}, {"model": "admin.logentry", "pk": 82, "fields": {"action_time": "2025-08-01T03:07:02.901Z", "user": ["ANNREGAR"], "content_type": ["properties", "property"], "object_id": "7", "object_repr": "Alice", "action_flag": 1, "change_message": "[{\"added\": {}}]"}}, {"model": "admin.logentry", "pk": 83, "fields": {"action_time": "2025-08-01T03:08:05.835Z", "user": ["ANNREGAR"], "content_type": ["properties", "propertyimage"], "object_id": "53", "object_repr": "Alice Image", "action_flag": 1, "change_message": "[{\"added\": {}}]"}}, {"model": "admin.logentry", "pk": 84, "fields": {"action_time": "2025-08-01T03:08:13.607Z", "user": ["ANNREGAR"], "content_type": ["properties", "propertyimage"], "object_id": "54", "object_repr": "Alice Image", "action_flag": 1, "change_message": "[{\"added\": {}}]"}}, {"model": "admin.logentry", "pk": 85, "fields": {"action_time": "2025-08-01T03:08:20.934Z", "user": ["ANNREGAR"], "content_type": ["properties", "propertyimage"], "object_id": "55", "object_repr": "Alice Image", "action_flag": 1, "change_message": "[{\"added\": {}}]"}}, {"model": "admin.logentry", "pk": 86, "fields": {"action_time": "2025-08-01T03:08:28.664Z", "user": ["ANNREGAR"], "content_type": ["properties", "propertyimage"], "object_id": "56", "object_repr": "Alice Image", "action_flag": 1, "change_message": "[{\"added\": {}}]"}}, {"model": "admin.logentry", "pk": 87, "fields": {"action_time": "2025-08-01T03:08:36.203Z", "user": ["ANNREGAR"], "content_type": ["properties", "propertyimage"], "object_id": "57", "object_repr": "Alice Image", "action_flag": 1, "change_message": "[{\"added\": {}}]"}}, {"model": "admin.logentry", "pk": 88, "fields": {"action_time": "2025-08-01T03:08:43.828Z", "user": ["ANNREGAR"], "content_type": ["properties", "propertyimage"], "object_id": "58", "object_repr": "Alice Image", "action_flag": 1, "change_message": "[{\"added\": {}}]"}}, {"model": "admin.logentry", "pk": 89, "fields": {"action_time": "2025-08-01T03:08:50.476Z", "user": ["ANNREGAR"], "content_type": ["properties", "propertyimage"], "object_id": "59", "object_repr": "Alice Image", "action_flag": 1, "change_message": "[{\"added\": {}}]"}}, {"model": "admin.logentry", "pk": 90, "fields": {"action_time": "2025-08-01T03:10:36.180Z", "user": ["ANNREGAR"], "content_type": ["properties", "propertyimage"], "object_id": "59", "object_repr": "Alice Image", "action_flag": 3, "change_message": ""}}, {"model": "admin.logentry", "pk": 91, "fields": {"action_time": "2025-08-01T03:10:36.180Z", "user": ["ANNREGAR"], "content_type": ["properties", "propertyimage"], "object_id": "58", "object_repr": "Alice Image", "action_flag": 3, "change_message": ""}}, {"model": "admin.logentry", "pk": 92, "fields": {"action_time": "2025-08-01T03:10:36.180Z", "user": ["ANNREGAR"], "content_type": ["properties", "propertyimage"], "object_id": "57", "object_repr": "Alice Image", "action_flag": 3, "change_message": ""}}, {"model": "admin.logentry", "pk": 93, "fields": {"action_time": "2025-08-01T03:10:36.180Z", "user": ["ANNREGAR"], "content_type": ["properties", "propertyimage"], "object_id": "56", "object_repr": "Alice Image", "action_flag": 3, "change_message": ""}}, {"model": "admin.logentry", "pk": 94, "fields": {"action_time": "2025-08-01T03:11:10.297Z", "user": ["ANNREGAR"], "content_type": ["properties", "propertyimage"], "object_id": "60", "object_repr": "Alice Image", "action_flag": 1, "change_message": "[{\"added\": {}}]"}}, {"model": "admin.logentry", "pk": 95, "fields": {"action_time": "2025-08-01T03:11:19.935Z", "user": ["ANNREGAR"], "content_type": ["properties", "propertyimage"], "object_id": "61", "object_repr": "Alice Image", "action_flag": 1, "change_message": "[{\"added\": {}}]"}}, {"model": "admin.logentry", "pk": 96, "fields": {"action_time": "2025-08-01T03:11:38.012Z", "user": ["ANNREGAR"], "content_type": ["properties", "propertyimage"], "object_id": "62", "object_repr": "Alice Image", "action_flag": 1, "change_message": "[{\"added\": {}}]"}}, {"model": "admin.logentry", "pk": 97, "fields": {"action_time": "2025-08-01T03:11:48.004Z", "user": ["ANNREGAR"], "content_type": ["properties", "propertyimage"], "object_id": "63", "object_repr": "Alice Image", "action_flag": 1, "change_message": "[{\"added\": {}}]"}}, {"model": "admin.logentry", "pk": 98, "fields": {"action_time": "2025-08-01T03:21:33.693Z", "user": ["ANNREGAR"], "content_type": ["properties", "propertyimage"], "object_id": "63", "object_repr": "Alice Image", "action_flag": 3, "change_message": ""}}, {"model": "admin.logentry", "pk": 99, "fields": {"action_time": "2025-08-01T03:21:33.693Z", "user": ["ANNREGAR"], "content_type": ["properties", "propertyimage"], "object_id": "62", "object_repr": "Alice Image", "action_flag": 3, "change_message": ""}}, {"model": "admin.logentry", "pk": 100, "fields": {"action_time": "2025-08-01T03:21:33.693Z", "user": ["ANNREGAR"], "content_type": ["properties", "propertyimage"], "object_id": "61", "object_repr": "Alice Image", "action_flag": 3, "change_message": ""}}, {"model": "admin.logentry", "pk": 101, "fields": {"action_time": "2025-08-01T03:21:33.693Z", "user": ["ANNREGAR"], "content_type": ["properties", "propertyimage"], "object_id": "60", "object_repr": "Alice Image", "action_flag": 3, "change_message": ""}}, {"model": "admin.logentry", "pk": 102, "fields": {"action_time": "2025-08-01T03:21:33.693Z", "user": ["ANNREGAR"], "content_type": ["properties", "propertyimage"], "object_id": "55", "object_repr": "Alice Image", "action_flag": 3, "change_message": ""}}, {"model": "admin.logentry", "pk": 103, "fields": {"action_time": "2025-08-01T03:21:33.693Z", "user": ["ANNREGAR"], "content_type": ["properties", "propertyimage"], "object_id": "54", "object_repr": "Alice Image", "action_flag": 3, "change_message": ""}}, {"model": "admin.logentry", "pk": 104, "fields": {"action_time": "2025-08-01T03:21:33.693Z", "user": ["ANNREGAR"], "content_type": ["properties", "propertyimage"], "object_id": "53", "object_repr": "Alice Image", "action_flag": 3, "change_message": ""}}, {"model": "admin.logentry", "pk": 105, "fields": {"action_time": "2025-08-01T03:22:40.587Z", "user": ["ANNREGAR"], "content_type": ["properties", "propertyimage"], "object_id": "64", "object_repr": "Alice Image", "action_flag": 1, "change_message": "[{\"added\": {}}]"}}, {"model": "admin.logentry", "pk": 106, "fields": {"action_time": "2025-08-01T03:22:49.422Z", "user": ["ANNREGAR"], "content_type": ["properties", "propertyimage"], "object_id": "65", "object_repr": "Alice Image", "action_flag": 1, "change_message": "[{\"added\": {}}]"}}, {"model": "admin.logentry", "pk": 107, "fields": {"action_time": "2025-08-01T03:22:56.907Z", "user": ["ANNREGAR"], "content_type": ["properties", "propertyimage"], "object_id": "66", "object_repr": "Alice Image", "action_flag": 1, "change_message": "[{\"added\": {}}]"}}, {"model": "admin.logentry", "pk": 108, "fields": {"action_time": "2025-08-01T03:23:04.325Z", "user": ["ANNREGAR"], "content_type": ["properties", "propertyimage"], "object_id": "67", "object_repr": "Alice Image", "action_flag": 1, "change_message": "[{\"added\": {}}]"}}, {"model": "admin.logentry", "pk": 109, "fields": {"action_time": "2025-08-01T03:23:14.688Z", "user": ["ANNREGAR"], "content_type": ["properties", "propertyimage"], "object_id": "68", "object_repr": "Alice Image", "action_flag": 1, "change_message": "[{\"added\": {}}]"}}, {"model": "admin.logentry", "pk": 110, "fields": {"action_time": "2025-08-01T03:23:23.774Z", "user": ["ANNREGAR"], "content_type": ["properties", "propertyimage"], "object_id": "69", "object_repr": "Alice Image", "action_flag": 1, "change_message": "[{\"added\": {}}]"}}, {"model": "admin.logentry", "pk": 111, "fields": {"action_time": "2025-08-01T03:23:32.918Z", "user": ["ANNREGAR"], "content_type": ["properties", "propertyimage"], "object_id": "70", "object_repr": "Alice Image", "action_flag": 1, "change_message": "[{\"added\": {}}]"}}, {"model": "admin.logentry", "pk": 112, "fields": {"action_time": "2025-08-06T06:07:05.998Z", "user": ["annregar"], "content_type": ["properties", "property"], "object_id": "8", "object_repr": "Thea", "action_flag": 1, "change_message": "[{\"added\": {}}]"}}, {"model": "admin.logentry", "pk": 113, "fields": {"action_time": "2025-08-06T06:10:31.638Z", "user": ["annregar"], "content_type": ["properties", "propertyimage"], "object_id": "71", "object_repr": "Thea Image", "action_flag": 1, "change_message": "[{\"added\": {}}]"}}, {"model": "admin.logentry", "pk": 114, "fields": {"action_time": "2025-08-06T06:10:41.694Z", "user": ["annregar"], "content_type": ["properties", "propertyimage"], "object_id": "72", "object_repr": "Thea Image", "action_flag": 1, "change_message": "[{\"added\": {}}]"}}, {"model": "admin.logentry", "pk": 115, "fields": {"action_time": "2025-08-06T06:10:48.884Z", "user": ["annregar"], "content_type": ["properties", "propertyimage"], "object_id": "73", "object_repr": "Thea Image", "action_flag": 1, "change_message": "[{\"added\": {}}]"}}, {"model": "admin.logentry", "pk": 116, "fields": {"action_time": "2025-08-06T06:10:57.388Z", "user": ["annregar"], "content_type": ["properties", "propertyimage"], "object_id": "74", "object_repr": "Thea Image", "action_flag": 1, "change_message": "[{\"added\": {}}]"}}, {"model": "admin.logentry", "pk": 117, "fields": {"action_time": "2025-08-06T06:11:06.104Z", "user": ["annregar"], "content_type": ["properties", "propertyimage"], "object_id": "75", "object_repr": "Thea Image", "action_flag": 1, "change_message": "[{\"added\": {}}]"}}, {"model": "admin.logentry", "pk": 118, "fields": {"action_time": "2025-08-06T06:11:13.453Z", "user": ["annregar"], "content_type": ["properties", "propertyimage"], "object_id": "76", "object_repr": "Thea Image", "action_flag": 1, "change_message": "[{\"added\": {}}]"}}, {"model": "admin.logentry", "pk": 119, "fields": {"action_time": "2025-08-06T06:11:23.895Z", "user": ["annregar"], "content_type": ["properties", "propertyimage"], "object_id": "77", "object_repr": "Thea Image", "action_flag": 1, "change_message": "[{\"added\": {}}]"}}, {"model": "admin.logentry", "pk": 120, "fields": {"action_time": "2025-08-06T06:11:32.513Z", "user": ["annregar"], "content_type": ["properties", "propertyimage"], "object_id": "78", "object_repr": "Thea Image", "action_flag": 1, "change_message": "[{\"added\": {}}]"}}, {"model": "admin.logentry", "pk": 121, "fields": {"action_time": "2025-08-06T06:11:46.541Z", "user": ["annregar"], "content_type": ["properties", "propertyimage"], "object_id": "79", "object_repr": "Thea Image", "action_flag": 1, "change_message": "[{\"added\": {}}]"}}, {"model": "admin.logentry", "pk": 122, "fields": {"action_time": "2025-08-06T06:12:51.678Z", "user": ["annregar"], "content_type": ["properties", "property"], "object_id": "8", "object_repr": "Thea", "action_flag": 2, "change_message": "[{\"changed\": {\"fields\": [\"Description\"]}}]"}}, {"model": "admin.logentry", "pk": 123, "fields": {"action_time": "2025-08-07T05:27:18.503Z", "user": ["annregar"], "content_type": ["properties", "property"], "object_id": "9", "object_repr": "Aira", "action_flag": 1, "change_message": "[{\"added\": {}}]"}}, {"model": "admin.logentry", "pk": 124, "fields": {"action_time": "2025-08-07T05:27:40.957Z", "user": ["annregar"], "content_type": ["properties", "propertyimage"], "object_id": "80", "object_repr": "Aira Image", "action_flag": 1, "change_message": "[{\"added\": {}}]"}}, {"model": "admin.logentry", "pk": 125, "fields": {"action_time": "2025-08-07T05:27:52.828Z", "user": ["annregar"], "content_type": ["properties", "propertyimage"], "object_id": "81", "object_repr": "Aira Image", "action_flag": 1, "change_message": "[{\"added\": {}}]"}}, {"model": "admin.logentry", "pk": 126, "fields": {"action_time": "2025-08-07T05:28:02.200Z", "user": ["annregar"], "content_type": ["properties", "propertyimage"], "object_id": "82", "object_repr": "Aira Image", "action_flag": 1, "change_message": "[{\"added\": {}}]"}}, {"model": "admin.logentry", "pk": 127, "fields": {"action_time": "2025-08-07T05:28:39.912Z", "user": ["annregar"], "content_type": ["properties", "propertyimage"], "object_id": "83", "object_repr": "Aira Image", "action_flag": 1, "change_message": "[{\"added\": {}}]"}}, {"model": "admin.logentry", "pk": 128, "fields": {"action_time": "2025-08-07T05:28:50.322Z", "user": ["annregar"], "content_type": ["properties", "propertyimage"], "object_id": "84", "object_repr": "Aira Image", "action_flag": 1, "change_message": "[{\"added\": {}}]"}}, {"model": "admin.logentry", "pk": 129, "fields": {"action_time": "2025-08-07T05:29:00.457Z", "user": ["annregar"], "content_type": ["properties", "propertyimage"], "object_id": "85", "object_repr": "Aira Image", "action_flag": 1, "change_message": "[{\"added\": {}}]"}}, {"model": "admin.logentry", "pk": 130, "fields": {"action_time": "2025-08-07T05:29:09.841Z", "user": ["annregar"], "content_type": ["properties", "propertyimage"], "object_id": "86", "object_repr": "Aira Image", "action_flag": 1, "change_message": "[{\"added\": {}}]"}}, {"model": "admin.logentry", "pk": 131, "fields": {"action_time": "2025-08-07T05:29:22.567Z", "user": ["annregar"], "content_type": ["properties", "propertyimage"], "object_id": "87", "object_repr": "Aira Image", "action_flag": 1, "change_message": "[{\"added\": {}}]"}}, {"model": "admin.logentry", "pk": 132, "fields": {"action_time": "2025-08-07T05:29:31.713Z", "user": ["annregar"], "content_type": ["properties", "propertyimage"], "object_id": "88", "object_repr": "Aira Image", "action_flag": 1, "change_message": "[{\"added\": {}}]"}}, {"model": "admin.logentry", "pk": 133, "fields": {"action_time": "2025-08-07T05:29:44.651Z", "user": ["annregar"], "content_type": ["properties", "propertyimage"], "object_id": "89", "object_repr": "Aira Image", "action_flag": 1, "change_message": "[{\"added\": {}}]"}}, {"model": "admin.logentry", "pk": 134, "fields": {"action_time": "2025-08-07T06:17:46.070Z", "user": ["annregar"], "content_type": ["properties", "property"], "object_id": "10", "object_repr": "Hanna", "action_flag": 1, "change_message": "[{\"added\": {}}]"}}, {"model": "admin.logentry", "pk": 135, "fields": {"action_time": "2025-08-07T06:19:54.968Z", "user": ["annregar"], "content_type": ["properties", "propertyimage"], "object_id": "90", "object_repr": "Hanna Image", "action_flag": 1, "change_message": "[{\"added\": {}}]"}}, {"model": "admin.logentry", "pk": 136, "fields": {"action_time": "2025-08-07T06:20:07.018Z", "user": ["annregar"], "content_type": ["properties", "propertyimage"], "object_id": "91", "object_repr": "Hanna Image", "action_flag": 1, "change_message": "[{\"added\": {}}]"}}, {"model": "admin.logentry", "pk": 137, "fields": {"action_time": "2025-08-07T06:20:23.977Z", "user": ["annregar"], "content_type": ["properties", "propertyimage"], "object_id": "92", "object_repr": "Hanna Image", "action_flag": 1, "change_message": "[{\"added\": {}}]"}}, {"model": "admin.logentry", "pk": 138, "fields": {"action_time": "2025-08-07T06:20:38.208Z", "user": ["annregar"], "content_type": ["properties", "propertyimage"], "object_id": "93", "object_repr": "Hanna Image", "action_flag": 1, "change_message": "[{\"added\": {}}]"}}, {"model": "admin.logentry", "pk": 139, "fields": {"action_time": "2025-08-07T06:21:06.017Z", "user": ["annregar"], "content_type": ["properties", "propertyimage"], "object_id": "94", "object_repr": "Hanna Image", "action_flag": 1, "change_message": "[{\"added\": {}}]"}}, {"model": "admin.logentry", "pk": 140, "fields": {"action_time": "2025-08-07T06:21:17.163Z", "user": ["annregar"], "content_type": ["properties", "propertyimage"], "object_id": "95", "object_repr": "Hanna Image", "action_flag": 1, "change_message": "[{\"added\": {}}]"}}, {"model": "admin.logentry", "pk": 141, "fields": {"action_time": "2025-08-07T06:21:30.515Z", "user": ["annregar"], "content_type": ["properties", "propertyimage"], "object_id": "96", "object_repr": "Hanna Image", "action_flag": 1, "change_message": "[{\"added\": {}}]"}}, {"model": "admin.logentry", "pk": 142, "fields": {"action_time": "2025-08-07T06:21:42.188Z", "user": ["annregar"], "content_type": ["properties", "propertyimage"], "object_id": "97", "object_repr": "Hanna Image", "action_flag": 1, "change_message": "[{\"added\": {}}]"}}, {"model": "admin.logentry", "pk": 143, "fields": {"action_time": "2025-08-07T06:21:51.081Z", "user": ["annregar"], "content_type": ["properties", "propertyimage"], "object_id": "98", "object_repr": "Hanna Image", "action_flag": 1, "change_message": "[{\"added\": {}}]"}}, {"model": "admin.logentry", "pk": 144, "fields": {"action_time": "2025-08-07T06:22:03.969Z", "user": ["annregar"], "content_type": ["properties", "propertyimage"], "object_id": "99", "object_repr": "Hanna Image", "action_flag": 1, "change_message": "[{\"added\": {}}]"}}]